Valores,Valores_Normalizados
,0.0
,0.006896551724137931
,0.013793103448275862
,0.017241379310344827
,0.027586206896551724
Curto,0.05172413793103449
Médio,0.13793103448275862
Longo,1.0
